"Copiar Link da Publicação","Copiar Link da Publicação"
"Link copiado!","Link copiado!"
"Termos de Pesquisa","Pesquisas Populares"
"Please select and accept your Cookies Group","Selecione e aceite as suas Preferências de Cookies."
Please select and accept your Cookies Group,Selecione e aceite as suas Preferências de Cookies.
Recent posts,Recentes
"Recent posts","Recentes"
Edited,Atualizado em
"Edited","Atualizado em"
min read,min leitura
"min read","min leitura"
"%1 min read","%1 min de leitura"
%1 min read,%1 min de leitura
